id,publishedDate,title,url,description,source,tags,crawlDate,tickers
94599661,2026-04-17T21:34:12.474000Z,EXCLUSIVO Meta prev 1 rodada de demisses em massa para 20 de maio,https://www.reuters.com/pt/tecnologia/HLGVCIAHXFJBJOSKLCNEYNRIRE-2026-04-17/,,reuters.com,"['2026:Ml_Kbn3Qu2Dt', '2026:Ml_Kbn3Qu2Dt:1', '2026:Ml_Kbn3Qu2Du', '2026:Ml_Kbn3Qu2Du:1', '2026:Ml_L6N4101Ag', '2026:Ml_L6N4101Ag:402357672', 'Consumer Cyclical', 'Guid:Tag:Reuters.Com', 'Stock', 'Technology', 'Usn:Kbn3Qu2Dt', 'Usn:Kbn3Qu2Du', 'Usn:L6N4101Ag', 'Vguid:Tag:Reuters.Com']",2026-04-17T21:41:46.537252Z,"['amzn', 'meta', 'xyz']"
94597547,2026-04-17T20:14:05.377000Z,EXCLUSIVA Meta tiene previsto realizar primera ronda de despidos el 20 de mayo; habr nuevos recortes a lo largo de 2026,https://www.reuters.com/es/negocio/FSIBMDIZ4VLSHAZAFOW2AQ2PTQ-2026-04-17/,,reuters.com,"['2026:Ml_Kbn3Qu287', '2026:Ml_Kbn3Qu287:1', '2026:Ml_Kbn3Qu288', '2026:Ml_Kbn3Qu288:1', '2026:Ml_L6N41017X', '2026:Ml_L6N41017X:823306809', 'Consumer Cyclical', 'Guid:Tag:Reuters.Com', 'Stock', 'Technology', 'Usn:Kbn3Qu287', 'Usn:Kbn3Qu288', 'Usn:L6N41017X', 'Vguid:Tag:Reuters.Com']",2026-04-17T20:33:34.214785Z,"['amzn', 'meta', 'xyz']"
94596343,2026-04-17T19:48:27.756000Z,Meta targets May 20 for first wave of layoffs; additional cuts later in 2026,https://www.reuters.com/world/meta-targets-may-20-first-wave-layoffs-additional-cuts-later-2026-2026-04-17/,,reuters.com,"['2026:Ml_Kbn3Qu267', '2026:Ml_Kbn3Qu267:1', '2026:Ml_Kbn3Qu267:2', '2026:Ml_Kbn3Qu268', '2026:Ml_Kbn3Qu268:1', '2026:Ml_Kbn3Qu268:2', '2026:Ml_L6N4100Wu', '2026:Ml_L6N4100Wu:1435570125', 'Consumer Cyclical', 'Guid:Tag:Reuters.Com', 'Stock', 'Technology', 'Usn:Kbn3Qu267', 'Usn:Kbn3Qu268', 'Usn:L6N4100Wu', 'Vguid:Tag:Reuters.Com']",2026-04-17T20:02:11.326430Z,"['amzn', 'meta', 'xyz']"
94580407,2026-04-17T11:00:11.936000Z,"Iconiq, Go-To Wealth Adviser for Tech’s Elite, Is Putting Billions Into AI",https://www.bloomberg.com/news/articles/2026-04-17/iconiq-advisor-to-tech-billionaires-emerges-as-major-ai-investor,,bloomberg.com,"['Financial Services', 'Stock', 'Technology', 'Tiingo Top', 'Unknown Sector']",2026-04-17T11:07:06.923897Z,"['crm', 'ddog', 'gs', 'meta', 'ms']"
94579464,2026-04-17T10:04:17.872000Z,Wall St Week Ahead Surging record-high US stocks to wade deeper into earnings season,https://www.reuters.com/business/wall-st-week-ahead-surging-record-high-us-stocks-wade-deeper-into-earnings-2026-04-17/,,reuters.com,"['2026:Ml_Kbn3Qu0V2', '2026:Ml_Kbn3Qu0V2:1', '2026:Ml_Kbn3Qu0V3', '2026:Ml_Kbn3Qu0V3:1', '2026:Ml_L6N40Z12C', '2026:Ml_L6N40Z12C:977481389', 'Consumer Cyclical', 'Consumer Defensive', 'Guid:Tag:Reuters.Com', 'Industrials', 'Stock', 'Technology', 'Unknown Sector', 'Usn:Kbn3Qu0V2', 'Usn:Kbn3Qu0V3', 'Usn:L6N40Z12C', 'Vguid:Tag:Reuters.Com']",2026-04-17T10:27:59.052483Z,"['ba', 'bird', 'googl', 'intc', 'meta', 'msft', 'pg', 'tsla']"
94575779,2026-04-17T06:04:12.526000Z,China turns Taiwan’s own voices against it in information war,https://www.reuters.com/world/china/china-turns-taiwans-own-voices-against-it-information-war-2026-04-17/,,reuters.com,"['2026:Ml_Kbn3Qu0Fi', '2026:Ml_Kbn3Qu0Fi:1', '2026:Ml_Kbn3Qu0Fj', '2026:Ml_Kbn3Qu0Fj:1', '2026:Ml_L6N40Z0D2', '2026:Ml_L6N40Z0D2:1753088538', '2026:Ml_M1L6N40Z0D2', '2026:Ml_M1L6N40Z0D2:1753088538', 'China', 'Guid:Tag:Reuters.Com', 'Stock', 'Taiwan', 'Technology', 'Usn:Kbn3Qu0Fi', 'Usn:Kbn3Qu0Fj', 'Usn:L6N40Z0D2', 'Usn:M1L6N40Z0D2', 'Vguid:Tag:Reuters.Com']",2026-04-17T06:18:29.869105Z,"['googl', 'meta']"
94574496,2026-04-17T04:14:06.981000Z,"Apple Marketing Chief for Watch, AirPods, Home and Health Retires",https://www.bloomberg.com/news/articles/2026-04-17/apple-watch-airpods-home-and-health-marketing-chief-stan-ng-retires,,bloomberg.com,"['Stock', 'Technology', 'Tiingo Top']",2026-04-17T04:22:29.138779Z,"['aapl', 'meta']"
94566986,2026-04-16T21:00:10.942000Z,The $10 Billion Startup Training AI to Replace the White-Collar Workforce,https://www.bloomberg.com/news/features/2026-04-16/ai-company-hiring-on-linkedin-wants-to-train-your-replacement-at-work,,bloomberg.com,"['Consumer Cyclical', 'Stock', 'Technology', 'Tiingo Top', 'Unknown Sector']",2026-04-16T21:04:54.638241Z,"['amzn', 'googl', 'meta', 'uber', 'xyz']"
94558658,2026-04-16T16:39:37.850000Z,Previses de ASML e TSMC indicam boom de gastos com IA,https://www.reuters.com/pt/tecnologia/GQ2SRBDUHJNU5OMO7COTLM2W5Y-2026-04-16/,,reuters.com,"['2026:Ml_Kbn3Qt24Z', '2026:Ml_Kbn3Qt24Z:1', '2026:Ml_Kbn3Qt250', '2026:Ml_Kbn3Qt250:1', '2026:Ml_L6N40Z16Q', '2026:Ml_L6N40Z16Q:1599662719', 'Consumer Cyclical', 'Guid:Tag:Reuters.Com', 'Stock', 'Technology', 'Usn:Kbn3Qt24Z', 'Usn:Kbn3Qt250', 'Usn:L6N40Z16Q', 'Vguid:Tag:Reuters.Com']",2026-04-16T16:53:32.962825Z,"['aapl', 'amd', 'amzn', 'asml', 'avgo', 'googl', 'intc', 'meta', 'msft', 'nvda']"
94558171,2026-04-16T16:29:17.784000Z,Meta vai aumentar preos do headset Quest VR nos EUA,https://www.reuters.com/pt/tecnologia/LAJ5AJNU2NKCXGNSR7BBNIFT64-2026-04-16/,,reuters.com,"['2026:Ml_Kbn3Qt243', '2026:Ml_Kbn3Qt243:1', '2026:Ml_L6N40Z16D', '2026:Ml_L6N40Z16D:1661102659', 'Guid:Tag:Reuters.Com', 'Stock', 'Technology', 'Unknown Sector', 'Usn:Kbn3Qt243', 'Usn:L6N40Z16D', 'Vguid:Tag:Reuters.Com']",2026-04-16T16:40:25.018446Z,"['dell', 'hpq', 'meta', 'msft']"
94557574,2026-04-16T16:07:57.388000Z,"Dona da Gucci vai lanar culos do Google no prximo ano, diz presidente",https://www.reuters.com/pt/tecnologia/YNQYYFUZBFPFPHQWV33NPTNKGM-2026-04-16/,,reuters.com,"['2026:Ml_Kbn3Qt218', '2026:Ml_Kbn3Qt218:1', '2026:Ml_Kbn3Qt219', '2026:Ml_Kbn3Qt219:1', '2026:Ml_L6N40Z152', '2026:Ml_L6N40Z152:1872530326', 'Guid:Tag:Reuters.Com', 'Stock', 'Technology', 'Usn:Kbn3Qt218', 'Usn:Kbn3Qt219', 'Usn:L6N40Z152', 'Vguid:Tag:Reuters.Com']",2026-04-16T16:21:36.751512Z,"['goog', 'googl', 'meta']"
94557642,2026-04-16T16:05:44.030000Z,Macron Calls For United EU Front on Youth Social Media Limits,https://www.bloomberg.com/news/articles/2026-04-16/macron-calls-for-united-eu-front-on-youth-social-media-limits,,bloomberg.com,"['Stock', 'Technology', 'Tiingo Top']",2026-04-16T16:21:04.981172Z,"['googl', 'meta', 'snap']"
94558140,2026-04-16T16:02:27.005000Z,"Gucci-owner Kering aims to launch luxury Google glasses next year, CEO says",https://www.reuters.com/business/gucci-owner-kering-aims-launch-luxury-google-glasses-next-year-ceo-says-2026-04-16/,,reuters.com,"['2026:Ml_Kbn3Qt1Z9', '2026:Ml_Kbn3Qt1Z9:1', '2026:Ml_Kbn3Qt1Za', '2026:Ml_Kbn3Qt1Za:1', '2026:Ml_L6N40Z10A', '2026:Ml_L6N40Z10A:305734035', '2026:Ml_M1L6N40Z10A', '2026:Ml_M1L6N40Z10A:305734035', 'Guid:Tag:Reuters.Com', 'Stock', 'Technology', 'Usn:Kbn3Qt1Z9', 'Usn:Kbn3Qt1Za', 'Usn:L6N40Z10A', 'Usn:M1L6N40Z10A', 'Vguid:Tag:Reuters.Com']",2026-04-16T16:41:26.602744Z,"['goog', 'googl', 'meta']"
94556559,2026-04-16T15:24:30.947000Z,Meta to raise Quest VR headset prices in US on rising component costs,https://www.reuters.com/technology/meta-raise-quest-vr-headset-prices-us-rising-component-costs-2026-04-16/,,reuters.com,"['2026:Ml_Kbn3Qt1Wd', '2026:Ml_Kbn3Qt1Wd:1', '2026:Ml_Kbn3Qt1Wd:2', '2026:Ml_Kbn3Qt1We', '2026:Ml_Kbn3Qt1We:1', '2026:Ml_Kbn3Qt1We:2', '2026:Ml_L4N40Z1Fz', '2026:Ml_L4N40Z1Fz:1648113068', 'Guid:Tag:Reuters.Com', 'Stock', 'Technology', 'Unknown Sector', 'Usn:Kbn3Qt1Wd', 'Usn:Kbn3Qt1We', 'Usn:L4N40Z1Fz', 'Vguid:Tag:Reuters.Com']",2026-04-16T15:52:19.603509Z,"['dell', 'googl', 'hpq', 'meta', 'msft']"
94552884,2026-04-16T14:06:33.120000Z,"""Apaguen los telfonos mviles y lean"", les dice Macron a los adolescentes franceses",https://www.reuters.com/es/mundo/7ISQ2U3HVJMQZC2J2ONVBEWBFI-2026-04-16/,,reuters.com,"['2026:Ml_Kbn3Qt1Og', '2026:Ml_Kbn3Qt1Og:1', '2026:Ml_Kbn3Qt1Oh', '2026:Ml_Kbn3Qt1Oh:1', '2026:Ml_L6N40Z0Y8', '2026:Ml_L6N40Z0Y8:1275741531', 'France', 'Guid:Tag:Reuters.Com', 'Stock', 'Technology', 'Usn:Kbn3Qt1Og', 'Usn:Kbn3Qt1Oh', 'Usn:L6N40Z0Y8', 'Vguid:Tag:Reuters.Com']",2026-04-16T14:28:15.841250Z,"['googl', 'meta', 'snap']"
94550892,2026-04-16T13:00:00.001000Z,Meta Raises Prices of Quest VR Headsets on Growing Memory Costs,https://www.bloomberg.com/news/articles/2026-04-16/meta-hikes-prices-of-quest-3s-quest-3-vr-headsets-on-rising-memory-costs,,bloomberg.com,"['Stock', 'Technology', 'Tiingo Top']",2026-04-16T13:39:25.992086Z,"['aapl', 'meta', 'msft']"
94549366,2026-04-16T12:57:33.442000Z,"Switch off and read, France's Macron tells teenagers",https://www.reuters.com/world/switch-off-read-frances-macron-tells-teenagers-2026-04-16/,,reuters.com,"['2026:Ml_Kbn3Qt1G4', '2026:Ml_Kbn3Qt1G4:1', '2026:Ml_Kbn3Qt1G5', '2026:Ml_Kbn3Qt1G5:1', '2026:Ml_L8N40Z0Jc', '2026:Ml_L8N40Z0Jc:940052553', '2026:Ml_M1L8N40Z0Jc', '2026:Ml_M1L8N40Z0Jc:940052553', 'France', 'Guid:Tag:Reuters.Com', 'Stock', 'Technology', 'Usn:Kbn3Qt1G4', 'Usn:Kbn3Qt1G5', 'Usn:L8N40Z0Jc', 'Usn:M1L8N40Z0Jc', 'Vguid:Tag:Reuters.Com']",2026-04-16T13:01:47.079375Z,"['googl', 'meta', 'snap']"
94549298,2026-04-16T12:44:25.644000Z,CoreWeave Taps US Junk-Debt Market Again With AI Bond Reopening,https://www.bloomberg.com/news/articles/2026-04-16/coreweave-taps-us-junk-debt-market-again-with-ai-bond-reopening,,bloomberg.com,"['Financial Services', 'Stock', 'Technology', 'Tiingo Top']",2026-04-16T12:53:58.232636Z,"['googl', 'gs', 'jpm', 'meta', 'ms']"
94545086,2026-04-16T10:49:02.167000Z,"Strong ASML, TSMC forecasts signal AI spending boom is intact",https://www.reuters.com/business/strong-asml-tsmc-forecasts-signal-ai-spending-boom-is-intact-2026-04-16/,,reuters.com,"['2026:Ml_Kbn3Qt13T', '2026:Ml_Kbn3Qt13T:1', '2026:Ml_Kbn3Qt13T:2', '2026:Ml_Kbn3Qt13U', '2026:Ml_Kbn3Qt13U:1', '2026:Ml_Kbn3Qt13U:2', '2026:Ml_L4N40Y1Gj', '2026:Ml_L4N40Y1Gj:1984503054', 'Consumer Cyclical', 'Guid:Tag:Reuters.Com', 'Stock', 'Technology', 'Usn:Kbn3Qt13T', 'Usn:Kbn3Qt13U', 'Usn:L4N40Y1Gj', 'Vguid:Tag:Reuters.Com']",2026-04-16T11:11:25.519952Z,"['aapl', 'amd', 'amzn', 'asml', 'avgo', 'intc', 'meta', 'msft', 'nvda']"
94543391,2026-04-16T10:00:12.035000Z,Push to Make US Voters Love AI Gives Them New Cause to Fear It,https://www.bloomberg.com/news/features/2026-04-16/trump-governors-seek-to-soothe-ai-data-center-anger-ahead-of-midterms,,bloomberg.com,"['Consumer Cyclical', 'Industrials', 'Stock', 'Technology', 'Tiingo Top']",2026-04-16T10:07:18.172009Z,"['amzn', 'ge', 'meta', 'msft']"
94542464,2026-04-16T09:21:45.024000Z,Banken und Behrden prfen Cyberrisiken durch neue KI,https://www.reuters.com/de/wirtschaft/banken-und-behrden-prfen-cyberrisiken-durch-neue-ki-2026-04-16/,,reuters.com,"['2026:Ml_Kbn3Qt0W2', '2026:Ml_Kbn3Qt0W2:1', '2026:Ml_Kbn3Qt0W3', '2026:Ml_Kbn3Qt0W3:1', '2026:Ml_L8N40Z0Nu', '2026:Ml_L8N40Z0Nu:760720948', 'Guid:Tag:Reuters.Com', 'Stock', 'Technology', 'Usn:Kbn3Qt0W2', 'Usn:Kbn3Qt0W3', 'Usn:L8N40Z0Nu', 'Vguid:Tag:Reuters.Com']",2026-04-16T09:33:38.078898Z,"['googl', 'meta', 'msft', 'nvda']"
94540072,2026-04-16T06:42:08.545000Z,Prince Harry praises Australia's leadership on social media ban as Meghan tells of online bullying,https://www.reuters.com/world/uk/prince-harry-praises-australias-leadership-social-media-ban-meghan-tells-online-2026-04-16/,,reuters.com,"['2026:Ml_Kbn3Qt0Kl', '2026:Ml_Kbn3Qt0Kl:1', '2026:Ml_Kbn3Qt0Kl:2', '2026:Ml_Kbn3Qt0Km', '2026:Ml_Kbn3Qt0Km:1', '2026:Ml_L4N40Z0Gs', '2026:Ml_L4N40Z0Gs:745792241', '2026:Ml_M1L4N40Z0Gs', '2026:Ml_M1L4N40Z0Gs:745792241', 'Australia', 'Guid:Tag:Reuters.Com', 'Stock', 'Technology', 'Usn:Kbn3Qt0Kl', 'Usn:Kbn3Qt0Km', 'Usn:L4N40Z0Gs', 'Usn:M1L4N40Z0Gs', 'Vguid:Tag:Reuters.Com']",2026-04-16T07:03:36.944601Z,"['googl', 'meta']"
94531906,2026-04-15T21:52:20.130000Z,"""Hganse responsables"", diceel primer ministro britnico Starmer a las empresas de redes sociales",https://www.reuters.com/es/tecnolog%C3%ADa/FQIAGZYCKRIIVFK5JXD7KBVFAU-2026-04-15/,,reuters.com,"['2026:Ml_Kbn3Qs2M6', '2026:Ml_Kbn3Qs2M6:1', '2026:Ml_Kbn3Qs2M7', '2026:Ml_Kbn3Qs2M7:1', '2026:Ml_L6N40Y1Fz', '2026:Ml_L6N40Y1Fz:1882851082', 'Guid:Tag:Reuters.Com', 'Stock', 'Technology', 'Usn:Kbn3Qs2M6', 'Usn:Kbn3Qs2M7', 'Usn:L6N40Y1Fz', 'Vguid:Tag:Reuters.Com']",2026-04-15T22:03:34.309130Z,"['googl', 'meta', 'snap']"
94531817,2026-04-15T21:33:43.718000Z,'Take responsibility': UK PM Starmer tells social media firms on online safety,https://www.reuters.com/world/uk/take-responsibility-uk-pm-starmer-tells-social-media-firms-online-safety-2026-04-15/,,reuters.com,"['2026:Ml_Kbn3Qs2L8', '2026:Ml_Kbn3Qs2L8:1', '2026:Ml_Kbn3Qs2L9', '2026:Ml_Kbn3Qs2L9:1', '2026:Ml_L8N40Y10B', '2026:Ml_L8N40Y10B:1138769897', 'Guid:Tag:Reuters.Com', 'Stock', 'Technology', 'Usn:Kbn3Qs2L8', 'Usn:Kbn3Qs2L9', 'Usn:L8N40Y10B', 'Vguid:Tag:Reuters.Com']",2026-04-15T21:57:48.184925Z,"['googl', 'meta', 'snap']"
94531686,2026-04-15T21:30:00.002000Z,UK’s Starmer Summons US Social Media Firms Over Online Safety,https://www.bloomberg.com/news/articles/2026-04-15/uk-s-starmer-summons-us-social-media-firms-over-online-safety,,bloomberg.com,"['Stock', 'Technology', 'Tiingo Top']",2026-04-15T21:48:32.679062Z,"['googl', 'meta', 'snap']"
94531015,2026-04-15T21:17:55.256000Z,Canada Is Mulling Age Restrictions on AI Chatbots and Social Media,https://www.bloomberg.com/news/articles/2026-04-15/canada-is-mulling-age-restrictions-on-ai-chatbots-and-social-media,,bloomberg.com,"['Canada', 'Stock', 'Technology', 'Tiingo Top']",2026-04-15T21:26:27.868197Z,"['googl', 'meta']"
94530272,2026-04-15T21:00:00.486000Z,"Trump, AI powering a dealmaking boom",https://www.reuters.com/technology/artificial-intelligence/trump-ai-powering-dealmaking-boom-2026-04-15/,,reuters.com,"['2026:Ml_L1N40Y0Z3', '2026:Ml_L1N40Y0Z3:2037610685', 'Communication Services', 'Consumer Cyclical', 'Guid:Tag:Reuters.Com', 'Industrials', 'Stock', 'Technology', 'Usn:L1N40Y0Z3', 'Vguid:Tag:Reuters.Com']",2026-04-15T21:05:22.508521Z,"['aal', 'amzn', 'googl', 'gsat', 'meta', 'ual']"
94518261,2026-04-15T15:41:51.467000Z,Einsparungen durch KI: Snapchat streicht ein Sechstel der Jobs,https://www.reuters.com/de/firma/einsparungen-durch-ki-snapchat-streicht-ein-sechstel-der-jobs-2026-04-15/,,reuters.com,"['2026:Ml_Kbn3Qs1Us', '2026:Ml_Kbn3Qs1Us:1', '2026:Ml_Kbn3Qs1Us:2', '2026:Ml_Kbn3Qs1Ut', '2026:Ml_Kbn3Qs1Ut:1', '2026:Ml_L8N40Y1Jx', '2026:Ml_L8N40Y1Jx:1874372780', 'Guid:Tag:Reuters.Com', 'Stock', 'Technology', 'Unknown Sector', 'Usn:Kbn3Qs1Us', 'Usn:Kbn3Qs1Ut', 'Usn:L8N40Y1Jx', 'Vguid:Tag:Reuters.Com']",2026-04-15T16:07:26.552273Z,"['googl', 'meta', 'msft', 'rddt', 'snap']"
94514901,2026-04-15T14:27:45.793000Z,"Wall Street consolide, les rsultats de socits en soutien",https://www.reuters.com/fr/affaires/wall-street-consolide-les-rsultats-de-socits-en-soutien-2026-04-15/,,reuters.com,"['2026:Ml_Kbn3Qs1Ml', '2026:Ml_Kbn3Qs1Ml-Ofrbs', '2026:Ml_Kbn3Qs1Ml-Ofrbs:1', '2026:Ml_Kbn3Qs1Ml:1', '2026:Ml_Kbn3Qs1Mm', '2026:Ml_Kbn3Qs1Mm-Ofrbs', '2026:Ml_Kbn3Qs1Mm-Ofrbs:1', '2026:Ml_Kbn3Qs1Mm:1', '2026:Ml_L8N40Y0Uw', '2026:Ml_L8N40Y0Uw:1426804759', 'Consumer Cyclical', 'Financial Services', 'Guid:Tag:Reuters.Com', 'Stock', 'Technology', 'Usn:Kbn3Qs1Ml', 'Usn:Kbn3Qs1Ml-Ofrbs', 'Usn:Kbn3Qs1Mm', 'Usn:Kbn3Qs1Mm-Ofrbs', 'Usn:L8N40Y0Uw', 'Vguid:Tag:Reuters.Com']",2026-04-15T14:49:04.061559Z,"['avgo', 'bac', 'meta', 'ms', 'nke', 'snap']"
94514993,2026-04-15T14:26:32.593000Z,"EU warns Meta WhatsApp AI fee breaches antitrust rules, orders rollback",https://www.reuters.com/world/eu-warns-meta-whatsapp-ai-fee-breaches-antitrust-rules-orders-rollback-2026-04-15/,,reuters.com,"['2026:Ml_Kbn3Qs1Ec', '2026:Ml_Kbn3Qs1Ec:1', '2026:Ml_Kbn3Qs1Ec:2', '2026:Ml_Kbn3Qs1Ec:3', '2026:Ml_Kbn3Qs1Ec:4', '2026:Ml_Kbn3Qs1Ed', '2026:Ml_Kbn3Qs1Ed:1', '2026:Ml_Kbn3Qs1Ed:2', '2026:Ml_Kbn3Qs1Ed:3', '2026:Ml_L6N40Y0Vi', '2026:Ml_L6N40Y0Vi:555969004', '2026:Ml_S8N3Zf026', 'Guid:Tag:Reuters.Com', 'Stock', 'Technology', 'Usn:Kbn3Qs1Ec', 'Usn:Kbn3Qs1Ed', 'Usn:L6N40Y0Vi', 'Usn:S8N3Zf026', 'Vguid:Tag:Reuters.Com']",2026-04-15T14:51:38.098062Z,['meta']
94513575,2026-04-15T13:53:43.761000Z,EU mahnt Meta wegen Gebhren fr KI-Assistenten von Dritten ab,https://www.reuters.com/de/firma/eu-mahnt-meta-wegen-gebhren-fr-ki-assistenten-von-dritten-ab-2026-04-15/,,reuters.com,"['2026:Ml_Kbn3Qs1I0', '2026:Ml_Kbn3Qs1I0:1', '2026:Ml_Kbn3Qs1I1', '2026:Ml_Kbn3Qs1I1:1', '2026:Ml_L8N40Y1Am', '2026:Ml_L8N40Y1Am:652347143', 'Guid:Tag:Reuters.Com', 'Stock', 'Technology', 'Unknown Sector', 'Usn:Kbn3Qs1I0', 'Usn:Kbn3Qs1I1', 'Usn:L8N40Y1Am', 'Vguid:Tag:Reuters.Com']",2026-04-15T14:15:21.276852Z,"['googl', 'meta', 'msft', 'rddt', 'snap']"
94512043,2026-04-15T13:01:36.379000Z,Meta Threatened With EU Restrictions Over WhatsApp AI Concerns,https://www.bloomberg.com/news/articles/2026-04-15/meta-threatened-with-eu-restrictions-over-whatsapp-ai-concerns,,bloomberg.com,"['Stock', 'Technology', 'Tiingo Top']",2026-04-15T13:24:18.997282Z,['meta']
94511876,2026-04-15T12:58:38.966000Z,"Jane Street signs $6 billion AI cloud deal with CoreWeave, boosts stake",https://www.reuters.com/legal/transactional/jane-street-signs-6-billion-ai-cloud-deal-with-coreweave-boosts-stake-2026-04-15/,,reuters.com,"['2026:Ml_Kbn3Qs1Cu', '2026:Ml_Kbn3Qs1Cu:1', '2026:Ml_Kbn3Qs1Cu:2', '2026:Ml_Kbn3Qs1Cv', '2026:Ml_Kbn3Qs1Cv:1', '2026:Ml_Kbn3Qs1Cv:2', '2026:Ml_L4N40Y138', '2026:Ml_L4N40Y138:1927508849', 'Guid:Tag:Reuters.Com', 'Stock', 'Technology', 'Unknown Sector', 'Usn:Kbn3Qs1Cu', 'Usn:Kbn3Qs1Cv', 'Usn:L4N40Y138', 'Vguid:Tag:Reuters.Com']",2026-04-15T13:23:28.604914Z,"['crwv', 'meta']"
94510495,2026-04-15T12:37:46.604000Z,Companies cutting jobs as investments shift toward AI,https://www.reuters.com/business/world-at-work/companies-cutting-jobs-investments-shift-toward-ai-2026-04-15/,,reuters.com,"['2026:Ml_Kbn3Pf1Zj', '2026:Ml_Kbn3Pf1Zj:1', '2026:Ml_Kbn3Pf1Zj:10', '2026:Ml_Kbn3Pf1Zj:11', '2026:Ml_Kbn3Pf1Zj:2', '2026:Ml_Kbn3Pf1Zj:3', '2026:Ml_Kbn3Pf1Zj:4', '2026:Ml_Kbn3Pf1Zj:5', '2026:Ml_Kbn3Pf1Zj:6', '2026:Ml_Kbn3Pf1Zj:7', '2026:Ml_Kbn3Pf1Zj:8', '2026:Ml_Kbn3Pf1Zj:9', '2026:Ml_Kbn3Pf1Zk', '2026:Ml_Kbn3Pf1Zk:1', '2026:Ml_Kbn3Pf1Zk:2', '2026:Ml_Kbn3Pf1Zk:3', '2026:Ml_Kbn3Pf1Zk:4', '2026:Ml_Kbn3Pf1Zk:5', '2026:Ml_Kbn3Pf1Zk:6', '2026:Ml_Kbn3Pf1Zk:7', '2026:Ml_Kbn3Pf1Zk:8', '2026:Ml_Kbn3Pf1Zk:9', '2026:Ml_L1N3Zn0Ni', '2026:Ml_L1N3Zn0Ni:1460657919', '2026:Ml_L1N40709W', '2026:Ml_L6N3Zn0Oa', '2026:Ml_L8N3Zl1Ug', '2026:Ml_L8N3Zn0Lp', '2026:Ml_L8N3Zn0Lp:1132231451', '2026:Ml_L8N3Zn1F4', '2026:Ml_L8N40Y0Yu', '2026:Ml_L8N40Y0Yu:412709105', 'Consumer Cyclical', 'Financial Services', 'Guid:Tag:Reuters.Com', 'Stock', 'Technology', 'Unknown Sector', 'Usn:Kbn3Pf1Zj', 'Usn:Kbn3Pf1Zk', 'Usn:L1N3Zn0Ni', 'Usn:L1N40709W', 'Usn:L6N3Zn0Oa', 'Usn:L8N3Zl1Ug', 'Usn:L8N3Zn0Lp', 'Usn:L8N3Zn1F4', 'Usn:L8N40Y0Yu', 'Vguid:Tag:Reuters.Com']",2026-04-15T12:51:15.289553Z,"['adsk', 'amzn', 'bats', 'dow', 'gs', 'hpq', 'infy', 'meli', 'meta', 'nke', 'pins', 'prox', 'snap', 'team', 'tls', 'wtc', 'xyz']"
94508565,2026-04-15T12:00:09.021000Z,"Jane Street Invests $1 Billion inCoreWeave, Boosts Spending Plans",https://www.bloomberg.com/news/articles/2026-04-15/jane-street-invests-1-billion-in-coreweave-boosts-spending-plans,,bloomberg.com,"['Stock', 'Technology', 'Tiingo Top', 'Unknown Sector']",2026-04-15T12:05:12.009625Z,"['crwv', 'meta', 'msft', 'nvda']"
94507177,2026-04-15T11:16:25.898000Z,"BORSA USA Futures stabili, focus su trimestrali",https://www.reuters.com/it/azienda/borsa-usa-futures-stabili-focus-su-trimestrali-2026-04-15/,,reuters.com,"['2026:Ml_Kbn3Qs13E', '2026:Ml_Kbn3Qs13E:1', '2026:Ml_Kbn3Qs13F', '2026:Ml_Kbn3Qs13F:1', '2026:Ml_L6N40Y0Nn', '2026:Ml_L6N40Y0Nn:1270748289', 'Consumer Cyclical', 'Financial Services', 'Guid:Tag:Reuters.Com', 'Stock', 'Technology', 'Usn:Kbn3Qs13E', 'Usn:Kbn3Qs13F', 'Usn:L6N40Y0Nn', 'Vguid:Tag:Reuters.Com']",2026-04-15T11:33:01.386268Z,"['avgo', 'bac', 'meta', 'ms', 'nke']"
94506306,2026-04-15T11:02:01.955000Z,Corporate America continues job cuts in 2026 in efficiency push,https://www.reuters.com/business/world-at-work/corporate-america-continues-job-cuts-2026-efficiency-push-2026-04-15/,,reuters.com,"['2026:Ml_Kbn3On1Ey', '2026:Ml_Kbn3On1Ey:1', '2026:Ml_Kbn3On1Ey:10', '2026:Ml_Kbn3On1Ey:11', '2026:Ml_Kbn3On1Ey:12', '2026:Ml_Kbn3On1Ey:13', '2026:Ml_Kbn3On1Ey:14', '2026:Ml_Kbn3On1Ey:15', '2026:Ml_Kbn3On1Ey:16', '2026:Ml_Kbn3On1Ey:2', '2026:Ml_Kbn3On1Ey:3', '2026:Ml_Kbn3On1Ey:4', '2026:Ml_Kbn3On1Ey:5', '2026:Ml_Kbn3On1Ey:6', '2026:Ml_Kbn3On1Ey:7', '2026:Ml_Kbn3On1Ey:8', '2026:Ml_Kbn3On1Ey:9', '2026:Ml_Kbn3On1Ez', '2026:Ml_Kbn3On1Ez:1', '2026:Ml_Kbn3On1Ez:10', '2026:Ml_Kbn3On1Ez:11', '2026:Ml_Kbn3On1Ez:12', '2026:Ml_Kbn3On1Ez:2', '2026:Ml_Kbn3On1Ez:3', '2026:Ml_Kbn3On1Ez:4', '2026:Ml_Kbn3On1Ez:5', '2026:Ml_Kbn3On1Ez:6', '2026:Ml_Kbn3On1Ez:7', '2026:Ml_Kbn3On1Ez:8', '2026:Ml_Kbn3On1Ez:9', '2026:Ml_L4N3Ys22G', '2026:Ml_L4N3Yu198', '2026:Ml_L4N3Yu198:1616623748', 'Basic Materials', 'Consumer Cyclical', 'Financial Services', 'Guid:Tag:Reuters.Com', 'Industrials', 'Stock', 'Technology', 'Unknown Sector', 'Usn:Kbn3On1Ey', 'Usn:Kbn3On1Ez', 'Usn:L4N3Ys22G', 'Usn:L4N3Yu198', 'Vguid:Tag:Reuters.Com']",2026-04-15T11:10:21.660178Z,"['adsk', 'ai', 'amzn', 'angi', 'c', 'dis', 'dow', 'fdx', 'form', 'gemi', 'hd', 'ma', 'meta', 'ms', 'nke', 'pega', 'pins', 'pton', 'snap', 'team', 'trox', 'ups', 'wday', 'xyz']"
94505505,2026-04-15T10:15:43.955000Z,Snap to lay off about 16% of staff,https://www.reuters.com/business/world-at-work/snap-lay-off-about-16-staff-2026-04-15/,,reuters.com,"['2026:Ml_Kbn3Qs0Xn', '2026:Ml_Kbn3Qs0Xn:1', '2026:Ml_Kbn3Qs0Xo', '2026:Ml_Kbn3Qs0Xo:1', '2026:Ml_L4N40Y0Mn', '2026:Ml_L4N40Y0Mn:1555207420', 'Guid:Tag:Reuters.Com', 'Stock', 'Technology', 'Unknown Sector', 'Usn:Kbn3Qs0Xn', 'Usn:Kbn3Qs0Xo', 'Usn:L4N40Y0Mn', 'Vguid:Tag:Reuters.Com']",2026-04-15T10:43:30.310133Z,"['googl', 'meta', 'pins', 'snap']"
94504727,2026-04-15T10:05:00Z,Snap to Cut 16% of Its Workforce in Quest for Profitability,https://www.bloomberg.com/news/articles/2026-04-15/snap-to-cut-16-of-its-workforce-in-quest-for-profitability,,bloomberg.com,"['Stock', 'Technology', 'Tiingo Top']",2026-04-15T10:14:28.392417Z,"['meta', 'snap']"
94503516,2026-04-15T09:25:43.763000Z,Wall Street futures hold steady; earnings in focus,https://www.reuters.com/business/wall-street-futures-hold-steady-earnings-focus-2026-04-15/,,reuters.com,"['2026:Ml_Kbn3Qs0T9', '2026:Ml_Kbn3Qs0T9:1', '2026:Ml_Kbn3Qs0Ta', '2026:Ml_Kbn3Qs0Ta:1', '2026:Ml_L4N40Y0O6', '2026:Ml_L4N40Y0O6:614243023', 'Consumer Cyclical', 'Financial Services', 'Guid:Tag:Reuters.Com', 'Stock', 'Technology', 'Usn:Kbn3Qs0T9', 'Usn:Kbn3Qs0Ta', 'Usn:L4N40Y0O6', 'Vguid:Tag:Reuters.Com']",2026-04-15T09:35:18.456721Z,"['avgo', 'bac', 'meta', 'ms', 'nke']"
94497324,2026-04-15T01:03:39.633000Z,Bessent Calls Anthropic’s Mythos a Breakthrough in China AI Race,https://www.bloomberg.com/news/articles/2026-04-15/bessent-calls-anthropic-s-mythos-a-breakthrough-in-china-ai-race,,bloomberg.com,"['China', 'Stock', 'Technology', 'Tiingo Top']",2026-04-15T01:20:21.600500Z,"['googl', 'meta']"
94495427,2026-04-14T23:04:27.714000Z,Maine legislature approves first US moratorium on big data centers,https://www.reuters.com/sustainability/boards-policy-regulation/maine-legislature-approves-first-us-moratorium-big-data-centers-2026-04-14/,,reuters.com,"['2026:Ml_Kbn3Qr2Nz', '2026:Ml_Kbn3Qr2Nz:1', '2026:Ml_Kbn3Qr2Nz:2', '2026:Ml_Kbn3Qr2O0', '2026:Ml_Kbn3Qr2O0:1', '2026:Ml_Kbn3Qr2O0:2', '2026:Ml_L4N40X252', '2026:Ml_L4N40X252:1243423791', 'Consumer Cyclical', 'Guid:Tag:Reuters.Com', 'Stock', 'Technology', 'Usn:Kbn3Qr2Nz', 'Usn:Kbn3Qr2O0', 'Usn:L4N40X252', 'Vguid:Tag:Reuters.Com']",2026-04-14T23:22:32.252639Z,"['amzn', 'googl', 'meta', 'msft']"
94492879,2026-04-14T21:19:44.683000Z,Meta inks deal with Broadcom for custom AI chips,https://www.reuters.com/business/meta-inks-deal-with-broadcom-custom-ai-chips-2026-04-14/,,reuters.com,"['2026:Ml_Kbn3Qr2Kj', '2026:Ml_Kbn3Qr2Kj:1', '2026:Ml_Kbn3Qr2Kk', '2026:Ml_Kbn3Qr2Kk:1', '2026:Ml_L4N40X21J', '2026:Ml_L4N40X21J:1710297903', 'Guid:Tag:Reuters.Com', 'Stock', 'Technology', 'Usn:Kbn3Qr2Kj', 'Usn:Kbn3Qr2Kk', 'Usn:L4N40X21J', 'Vguid:Tag:Reuters.Com']",2026-04-14T21:26:18.763252Z,"['avgo', 'brcm', 'meta']"
94493436,2026-04-14T21:13:49.414000Z,"Meta, Broadcom Deepen Ties on Chips; Tan Departs Meta’s Board",https://www.bloomberg.com/news/articles/2026-04-14/meta-broadcom-deepen-ties-on-chips-tan-departs-meta-s-board,,bloomberg.com,"['Consumer Defensive', 'Stock', 'Technology', 'Tiingo Top']",2026-04-14T21:41:33.859053Z,"['avgo', 'brcm', 'el', 'meta']"
94483024,2026-04-14T16:01:45.028000Z,Italy court allows class action against Meta over Facebook data scraping,https://www.reuters.com/sustainability/boards-policy-regulation/italy-court-allows-class-action-against-meta-over-facebook-data-scraping-2026-04-14/,,reuters.com,"['2026:Ml_Kbn3Qr1Y1', '2026:Ml_Kbn3Qr1Y1:1', '2026:Ml_Kbn3Qr1Y1:2', '2026:Ml_Kbn3Qr1Y2', '2026:Ml_Kbn3Qr1Y2:1', '2026:Ml_L8N40X1Sh', '2026:Ml_L8N40X1Sh:1393439682', 'Guid:Tag:Reuters.Com', 'Italy', 'Stock', 'Technology', 'Usn:Kbn3Qr1Y1', 'Usn:Kbn3Qr1Y2', 'Usn:L8N40X1Sh', 'Vguid:Tag:Reuters.Com']",2026-04-14T16:40:17.012622Z,['meta']
94482187,2026-04-14T16:00:09.630000Z,Tribunale Milano ammette class action contro Meta per furto dati Facebook,https://www.reuters.com/it/azienda/tribunale-milano-ammette-class-action-contro-meta-per-furto-dati-facebook-2026-04-14/,,reuters.com,"['2026:Ml_Kbn3Qr1Zg', '2026:Ml_Kbn3Qr1Zg:1', '2026:Ml_Kbn3Qr1Zh', '2026:Ml_Kbn3Qr1Zh:1', '2026:Ml_L8N40X1Wv', '2026:Ml_L8N40X1Wv:222685395', 'Guid:Tag:Reuters.Com', 'Stock', 'Technology', 'Usn:Kbn3Qr1Zg', 'Usn:Kbn3Qr1Zh', 'Usn:L8N40X1Wv', 'Vguid:Tag:Reuters.Com']",2026-04-14T16:12:20.652556Z,['meta']
94477131,2026-04-14T13:15:12.271000Z,"South Africa wins record investment pledges, but delivery gap persists",https://www.reuters.com/world/africa/south-africa-wins-record-investment-pledges-delivery-gap-persists-2026-04-14/,,reuters.com,"['2026:Ml_Kbn3Qr1Fh', '2026:Ml_Kbn3Qr1Fh:1', '2026:Ml_Kbn3Qr1Fi', '2026:Ml_Kbn3Qr1Fi:1', '2026:Ml_L6N40R0O6', '2026:Ml_L6N40R0O6:72580519', '2026:Ml_M1L6N40R0O6', '2026:Ml_M1L6N40R0O6:72580519', 'Financial Services', 'Guid:Tag:Reuters.Com', 'South Africa', 'Stock', 'Technology', 'Unknown Sector', 'Usn:Kbn3Qr1Fh', 'Usn:Kbn3Qr1Fi', 'Usn:L6N40R0O6', 'Usn:M1L6N40R0O6', 'Vguid:Tag:Reuters.Com']",2026-04-14T13:44:34.067491Z,"['meta', 'prx', 'uber', 'v']"
94466897,2026-04-14T07:25:44.071000Z,FT: Investoren zweifeln an Bewertung von OpenAI - Fehlende Strategie,https://www.reuters.com/de/firma/ft-investoren-zweifeln-an-bewertung-von-openai-fehlende-strategie-2026-04-14/,,reuters.com,"['2026:Ml_Kbn3Qr0Ka', '2026:Ml_Kbn3Qr0Ka:1', '2026:Ml_Kbn3Qr0Kb', '2026:Ml_Kbn3Qr0Kb:1', '2026:Ml_L8N40X0C9', '2026:Ml_L8N40X0C9:1637347023', 'Guid:Tag:Reuters.Com', 'Stock', 'Technology', 'Usn:Kbn3Qr0Ka', 'Usn:Kbn3Qr0Kb', 'Usn:L8N40X0C9', 'Vguid:Tag:Reuters.Com']",2026-04-14T07:38:37.940499Z,"['googl', 'ibm', 'meta', 'msft', 'nvda']"
94450005,2026-04-13T16:42:25.480000Z,"Meta deve superar Google em receita de anncios digitais pela 1 vez, diz Emarketer",https://www.reuters.com/pt/tecnologia/K5YJBXKDH5M4DIV764GG33S2ZY-2026-04-13/,,reuters.com,"['2026:Ml_Kbn3Qq1Ti', '2026:Ml_Kbn3Qq1Ti:1', '2026:Ml_Kbn3Qq1Tj', '2026:Ml_Kbn3Qq1Tj:1', '2026:Ml_L6N40W10Y', '2026:Ml_L6N40W10Y:348946842', 'Consumer Cyclical', 'Guid:Tag:Reuters.Com', 'Stock', 'Technology', 'Unknown Sector', 'Usn:Kbn3Qq1Ti', 'Usn:Kbn3Qq1Tj', 'Usn:L6N40W10Y', 'Vguid:Tag:Reuters.Com']",2026-04-13T16:53:35.452325Z,"['amzn', 'goog', 'googl', 'meta', 'pins', 'snap']"
94448485,2026-04-13T15:51:43.738000Z,"Meta poised to surpass Google in digital ad revenue for first time, report says",https://www.reuters.com/business/media-telecom/meta-poised-surpass-google-digital-ad-revenue-first-time-report-says-2026-04-13/,,reuters.com,"['2026:Ml_Kbn3Qq1O5', '2026:Ml_Kbn3Qq1O5:1', '2026:Ml_Kbn3Qq1O5:2', '2026:Ml_Kbn3Qq1O6', '2026:Ml_Kbn3Qq1O6:1', '2026:Ml_L4N40W184', '2026:Ml_L4N40W184:1820548592', 'Consumer Cyclical', 'Guid:Tag:Reuters.Com', 'Stock', 'Technology', 'Unknown Sector', 'Usn:Kbn3Qq1O5', 'Usn:Kbn3Qq1O6', 'Usn:L4N40W184', 'Vguid:Tag:Reuters.Com']",2026-04-13T16:14:36.047716Z,"['amzn', 'goog', 'googl', 'meta', 'pins', 'snap']"
94439046,2026-04-13T11:41:34.427000Z,Starmer dice que redes sociales deben poner fin al deslizamiento infinito en las pantallas,https://www.reuters.com/es/tecnolog%C3%ADa/JFIHWXCJ7FKZFEFC4KOEVUQWFA-2026-04-13/,,reuters.com,"['2026:Ml_Kbn3Qq11E', '2026:Ml_Kbn3Qq11E:1', '2026:Ml_Kbn3Qq11F', '2026:Ml_Kbn3Qq11F:1', '2026:Ml_L6N40W0Nq', '2026:Ml_L6N40W0Nq:684081997', 'Guid:Tag:Reuters.Com', 'Stock', 'Technology', 'Usn:Kbn3Qq11E', 'Usn:Kbn3Qq11F', 'Usn:L6N40W0Nq', 'Vguid:Tag:Reuters.Com']",2026-04-13T12:01:24.913150Z,['meta']
94438338,2026-04-13T11:21:08.243000Z,"Social media platforms need to stop never-ending scrolling, UK's Starmer says",https://www.reuters.com/business/media-telecom/social-media-platforms-need-stop-never-ending-scrolling-uks-starmer-says-2026-04-13/,,reuters.com,"['2026:Ml_Kbn3Qq108', '2026:Ml_Kbn3Qq108:1', '2026:Ml_Kbn3Qq109', '2026:Ml_Kbn3Qq109:1', '2026:Ml_L8N40W0O7', '2026:Ml_L8N40W0O7:1686280754', 'Guid:Tag:Reuters.Com', 'Stock', 'Technology', 'Usn:Kbn3Qq108', 'Usn:Kbn3Qq109', 'Usn:L8N40W0O7', 'Vguid:Tag:Reuters.Com']",2026-04-13T11:41:20.162257Z,['meta']
94425439,2026-04-12T14:00:01.594000Z,"Apple AI Glasses Will Rival Meta’s With Several Styles, Oval Cameras",https://www.bloomberg.com/news/newsletters/2026-04-12/apple-ai-smart-glasses-features-styles-colors-cameras-giannandrea-leaving-mnvtz4yg,,bloomberg.com,"['Stock', 'Technology', 'Tiingo Top']",2026-04-12T14:04:07.283449Z,"['aapl', 'googl', 'meta']"
94421187,2026-04-12T02:29:47.400000Z,"Philippines Asks Facebook to Curb Fake News, Warns of Legal Move",https://www.bloomberg.com/news/articles/2026-04-12/philippines-asks-facebook-to-curb-fake-news-warns-of-legal-move,,bloomberg.com,"['Philippines', 'Stock', 'Technology', 'Tiingo Top']",2026-04-12T03:30:37.704263Z,['meta']
94409764,2026-04-11T01:04:28.312000Z,Former OpenAI Stargate Leaders Plan to Join Meta Platforms,https://www.bloomberg.com/news/articles/2026-04-11/former-openai-stargate-leaders-plan-to-join-meta-platforms,,bloomberg.com,"['Stock', 'Technology', 'Tiingo Top']",2026-04-11T02:05:58.487172Z,"['intc', 'meta', 'orcl']"
94402084,2026-04-10T18:33:33.711000Z,CoreWeave vende capacidade de computao para Anthropic,https://www.reuters.com/pt/tecnologia/F5SOEHHJUVOO3O3NS232RVBC4M-2026-04-10/,,reuters.com,"['2026:Ml_Kbn3Qn1Yk', '2026:Ml_Kbn3Qn1Yk:1', '2026:Ml_Kbn3Qn1Yl', '2026:Ml_Kbn3Qn1Yl:1', '2026:Ml_L6N40T13I', '2026:Ml_L6N40T13I:494081492', 'Guid:Tag:Reuters.Com', 'Stock', 'Technology', 'Unknown Sector', 'Usn:Kbn3Qn1Yk', 'Usn:Kbn3Qn1Yl', 'Usn:L6N40T13I', 'Vguid:Tag:Reuters.Com']",2026-04-10T18:37:25.493031Z,"['avgo', 'crwv', 'googl', 'meta', 'msft', 'nvda']"
94400602,2026-04-10T17:20:09.548000Z,Snap usar chips da Qualcomm em futuros culos inteligentes com IA,https://www.reuters.com/pt/tecnologia/RZVKAQFNGRNG5CAGI4D4LVHI2U-2026-04-10/,,reuters.com,"['2026:Ml_Kbn3Qn1Tt', '2026:Ml_Kbn3Qn1Tt:1', '2026:Ml_Kbn3Qn1Tu', '2026:Ml_Kbn3Qn1Tu:1', '2026:Ml_L6N40T112', '2026:Ml_L6N40T112:251278653', 'Guid:Tag:Reuters.Com', 'Stock', 'Technology', 'Usn:Kbn3Qn1Tt', 'Usn:Kbn3Qn1Tu', 'Usn:L6N40T112', 'Vguid:Tag:Reuters.Com']",2026-04-10T17:26:31.464895Z,"['meta', 'qcom', 'snap']"
94397324,2026-04-10T15:17:10.210000Z,AI struggles to model for angry Main Street mobs,https://www.reuters.com/commentary/breakingviews/ai-struggles-model-angry-main-street-mobs-2026-04-10/,,reuters.com,"['2026:Ml_L6N40P0Ga', '2026:Ml_L6N40P0Ga:1006545451', 'Consumer Cyclical', 'Guid:Tag:Reuters.Com', 'Stock', 'Technology', 'Usn:L6N40P0Ga', 'Vguid:Tag:Reuters.Com']",2026-04-10T15:37:31.213014Z,"['amzn', 'meta', 'msft']"
94396186,2026-04-10T14:50:41.304000Z,Meta deve enfrentar em Massachusetts julgamento por vcio em jovens,https://www.reuters.com/pt/tecnologia/RW3KBXMY2NN4TD6N53SLCVMEWM-2026-04-10/,,reuters.com,"['2026:Ml_Kbn3Qn1H6', '2026:Ml_Kbn3Qn1H6:1', '2026:Ml_Kbn3Qn1H7', '2026:Ml_Kbn3Qn1H7:1', '2026:Ml_L6N40T0W6', '2026:Ml_L6N40T0W6:702591014', 'Guid:Tag:Reuters.Com', 'Stock', 'Technology', 'Usn:Kbn3Qn1H6', 'Usn:Kbn3Qn1H7', 'Usn:L6N40T0W6', 'Vguid:Tag:Reuters.Com']",2026-04-10T14:59:29.694511Z,"['googl', 'meta']"
94396563,2026-04-10T14:50:15.579000Z,Tribunal dictamina que Meta debe enfrentar demanda por adiccin de jvenes presentada por Massachusetts,https://www.reuters.com/es/negocio/I5SEVIFWYBOM3KOKG6NZKZYJDY-2026-04-10/,,reuters.com,"['2026:Ml_Kbn3Qn1Gm', '2026:Ml_Kbn3Qn1Gm:1', '2026:Ml_Kbn3Qn1Gn', '2026:Ml_Kbn3Qn1Gn:1', '2026:Ml_L6N40T0Ue', '2026:Ml_L6N40T0Ue:1880375983', 'Guid:Tag:Reuters.Com', 'Stock', 'Technology', 'Usn:Kbn3Qn1Gm', 'Usn:Kbn3Qn1Gn', 'Usn:L6N40T0Ue', 'Vguid:Tag:Reuters.Com']",2026-04-10T15:11:28.765281Z,"['googl', 'meta']"
94396726,2026-04-10T14:49:44.918000Z,Meta dovr rispondere in tribunale a accuse Massachusetts su dipendenza giovani,https://www.reuters.com/it/azienda/meta-dovr-rispondere-tribunale-accuse-massachusetts-su-dipendenza-giovani-2026-04-10/,,reuters.com,"['2026:Ml_Kbn3Qn1Go', '2026:Ml_Kbn3Qn1Go:1', '2026:Ml_Kbn3Qn1Gp', '2026:Ml_Kbn3Qn1Gp:1', '2026:Ml_L6N40T0Va', '2026:Ml_L6N40T0Va:1499677758', 'Guid:Tag:Reuters.Com', 'Stock', 'Technology', 'Usn:Kbn3Qn1Go', 'Usn:Kbn3Qn1Gp', 'Usn:L6N40T0Va', 'Vguid:Tag:Reuters.Com']",2026-04-10T15:17:31.609268Z,"['googl', 'meta']"
94396107,2026-04-10T14:38:29.054000Z,Big Tech d suporte financeiro  energia nuclear por alta na demanda de IA,https://www.reuters.com/pt/tecnologia/7N5TCE3ESNO7ZCNMIGO3NNBEZQ-2026-04-10/,,reuters.com,"['2026:Ml_Kbn3Qn1Fs', '2026:Ml_Kbn3Qn1Fs:1', '2026:Ml_Kbn3Qn1Ft', '2026:Ml_Kbn3Qn1Ft:1', '2026:Ml_L6N40T0Vf', '2026:Ml_L6N40T0Vf:821380434', 'Consumer Cyclical', 'Guid:Tag:Reuters.Com', 'Stock', 'Technology', 'Unknown Sector', 'Usn:Kbn3Qn1Fs', 'Usn:Kbn3Qn1Ft', 'Usn:L6N40T0Vf', 'Vguid:Tag:Reuters.Com']",2026-04-10T14:54:52.868864Z,"['amzn', 'googl', 'meta', 'oklo', 'smr']"
94395198,2026-04-10T14:05:15.192000Z,"Meta must face youth addiction lawsuit by Massachusetts, court rules",https://www.reuters.com/world/meta-must-face-youth-addiction-lawsuit-by-massachusetts-court-rules-2026-04-10/,,reuters.com,"['2026:Ml_Kbn3Qn1C0', '2026:Ml_Kbn3Qn1C0:1', '2026:Ml_Kbn3Qn1C0:2', '2026:Ml_Kbn3Qn1C0:3', '2026:Ml_Kbn3Qn1C0:4', '2026:Ml_Kbn3Qn1C0:5', '2026:Ml_Kbn3Qn1C1', '2026:Ml_Kbn3Qn1C1:1', '2026:Ml_Kbn3Qn1C1:2', '2026:Ml_Kbn3Qn1C1:3', '2026:Ml_Kbn3Qn1C1:4', '2026:Ml_L1N3Ze0Eu', '2026:Ml_L1N3Ze0Eu:1572066153', 'Guid:Tag:Reuters.Com', 'Stock', 'Technology', 'Usn:Kbn3Qn1C0', 'Usn:Kbn3Qn1C1', 'Usn:L1N3Ze0Eu', 'Vguid:Tag:Reuters.Com']",2026-04-10T14:30:29.136209Z,"['googl', 'meta']"
94393784,2026-04-10T13:22:17.414000Z,"CoreWeave’s New Junk Bond Jumps Amid Meta, Anthropic Deals",https://www.bloomberg.com/news/articles/2026-04-10/coreweave-s-new-junk-bond-jumps-amid-meta-anthropic-deals,,bloomberg.com,"['Stock', 'Technology', 'Tiingo Top', 'Unknown Sector']",2026-04-10T13:31:29.932163Z,"['crwv', 'meta']"
94393176,2026-04-10T12:58:48.275000Z,"CoreWeave strikes AI cloud deal with Anthropic, shares rise",https://www.reuters.com/legal/transactional/coreweave-strikes-ai-cloud-deal-with-anthropic-shares-rise-2026-04-10/,,reuters.com,"['2026:Ml_Kbn3Qn177', '2026:Ml_Kbn3Qn177:1', '2026:Ml_Kbn3Qn178', '2026:Ml_Kbn3Qn178:1', '2026:Ml_L4N40T0Vy', '2026:Ml_L4N40T0Vy:669225668', 'Guid:Tag:Reuters.Com', 'Stock', 'Technology', 'Unknown Sector', 'Usn:Kbn3Qn177', 'Usn:Kbn3Qn178', 'Usn:L4N40T0Vy', 'Vguid:Tag:Reuters.Com']",2026-04-10T13:17:14.630832Z,"['crwv', 'meta', 'msft', 'nvda']"
94393257,2026-04-10T12:57:02.372000Z,Big Tech puntano su investimenti in nucleare nuova generazione mentre sale domanda energia IA,https://www.reuters.com/it/azienda/big-tech-puntano-su-investimenti-nucleare-nuova-generazione-mentre-sale-domanda-2026-04-10/,,reuters.com,"['2026:Ml_Kbn3Qn12K', '2026:Ml_Kbn3Qn12K:1', '2026:Ml_Kbn3Qn12L', '2026:Ml_Kbn3Qn12L:1', '2026:Ml_L6N40T0Pg', '2026:Ml_L6N40T0Pg:522548603', 'Consumer Cyclical', 'Guid:Tag:Reuters.Com', 'Stock', 'Technology', 'Unknown Sector', 'Usn:Kbn3Qn12K', 'Usn:Kbn3Qn12L', 'Usn:L6N40T0Pg', 'Vguid:Tag:Reuters.Com']",2026-04-10T13:20:15.645143Z,"['amzn', 'googl', 'meta', 'oklo', 'smr']"
94391530,2026-04-10T12:04:09.843000Z,Snap unit to use Qualcomm chips for upcoming AI smart glasses,https://www.reuters.com/sustainability/sustainable-finance-reporting/snap-unit-use-qualcomm-chips-upcoming-ai-smart-glasses-2026-04-10/,,reuters.com,"['2026:Ml_Kbn3Qn12A', '2026:Ml_Kbn3Qn12A:1', '2026:Ml_Kbn3Qn12B', '2026:Ml_Kbn3Qn12B:1', '2026:Ml_L4N40T0Pi', '2026:Ml_L4N40T0Pi:156547075', 'Guid:Tag:Reuters.Com', 'Stock', 'Technology', 'Usn:Kbn3Qn12A', 'Usn:Kbn3Qn12B', 'Usn:L4N40T0Pi', 'Vguid:Tag:Reuters.Com']",2026-04-10T12:27:28.359819Z,"['meta', 'qcom', 'snap']"
94390511,2026-04-10T11:30:00.002000Z,Anthropic Agrees to Rent CoreWeave AI Capacity to Power Claude,https://www.bloomberg.com/news/articles/2026-04-10/anthropic-agrees-to-rent-coreweave-ai-capacity-to-power-claude,,bloomberg.com,"['Stock', 'Technology', 'Tiingo Top']",2026-04-10T11:42:46.004443Z,"['avgo', 'googl', 'meta', 'msft', 'nvda']"
94389313,2026-04-10T10:36:55.556000Z,Big Tech puts financial heft behind next-gen nuclear power as AI demand surges,https://www.reuters.com/legal/litigation/big-tech-puts-financial-heft-behind-next-gen-nuclear-power-ai-demand-surges-2026-04-10/,,reuters.com,"['2026:Ml_Kbn3Qn0We', '2026:Ml_Kbn3Qn0We:1', '2026:Ml_Kbn3Qn0We:2', '2026:Ml_Kbn3Qn0Wf', '2026:Ml_Kbn3Qn0Wf:1', '2026:Ml_Kbn3Qn0Wf:2', '2026:Ml_L4N40K0X9', '2026:Ml_L4N40K0X9:1836946153', 'Consumer Cyclical', 'Guid:Tag:Reuters.Com', 'Stock', 'Technology', 'Unknown Sector', 'Usn:Kbn3Qn0We', 'Usn:Kbn3Qn0Wf', 'Usn:L4N40K0X9', 'Vguid:Tag:Reuters.Com']",2026-04-10T10:57:29.506018Z,"['amzn', 'googl', 'meta', 'oklo', 'smr']"
94389261,2026-04-10T10:35:02Z,Retail Stock Traders Turn Into Sellers as Rally Spurs Skepticism,https://www.bloomberg.com/news/articles/2026-04-10/retail-stock-traders-turn-to-sellers-as-rally-spurs-skepticism,,bloomberg.com,"['Consumer Cyclical', 'Stock', 'Technology', 'Tiingo Top']",2026-04-10T10:51:33.032223Z,"['aapl', 'meta', 'msft', 'nvda', 'tsla']"
94388700,2026-04-10T10:07:44.647000Z,US utility stocks are off to their best start since 2019. Can they keep it up?,https://www.reuters.com/business/us-utility-stocks-are-off-their-best-start-since-2019-can-they-keep-it-up-2026-04-10/,,reuters.com,"['2026:Ml_Kbn3Qn0Ug', '2026:Ml_Kbn3Qn0Ug:1', '2026:Ml_Kbn3Qn0Uh', '2026:Ml_Kbn3Qn0Uh:1', '2026:Ml_L6N40Q15E', '2026:Ml_L6N40Q15E:2013339012', 'Guid:Tag:Reuters.Com', 'Stock', 'Technology', 'Usn:Kbn3Qn0Ug', 'Usn:Kbn3Qn0Uh', 'Usn:L6N40Q15E', 'Utilities', 'Vguid:Tag:Reuters.Com']",2026-04-10T10:28:24.629291Z,"['aep', 'd', 'duk', 'googl', 'meta', 'nee', 'xel']"
94384830,2026-04-10T05:40:53.083000Z,TSMC’s Sales Beat Estimates After War Fails to Dent AI Demand,https://www.bloomberg.com/news/articles/2026-04-10/tsmc-s-sales-beat-estimates-after-war-fails-to-dent-ai-demand,,bloomberg.com,"['Consumer Cyclical', 'Stock', 'Technology', 'Tiingo Top']",2026-04-10T05:52:55.543352Z,"['amzn', 'avgo', 'googl', 'meta', 'msft']"
94384417,2026-04-10T05:08:10.738000Z,Why investors can still believe in mean reversion,https://www.reuters.com/commentary/breakingviews/why-investors-can-still-believe-mean-reversion-2026-04-10/,,reuters.com,"['2026:Ml_L6N40S0U7', '2026:Ml_L6N40S0U7:630501677', 'Guid:Tag:Reuters.Com', 'Stock', 'Technology', 'Usn:L6N40S0U7', 'Vguid:Tag:Reuters.Com']",2026-04-10T05:17:24.845750Z,"['googl', 'meta']"
94381233,2026-04-10T00:29:52.233000Z,"Indonesia sends letter of reprimand to YouTube over breach of social media curbs, minister says",https://www.reuters.com/legal/litigation/indonesia-sends-letter-reprimand-youtube-over-breach-social-media-curbs-minister-2026-04-10/,,reuters.com,"['2026:Ml_Kbn3Qn014', '2026:Ml_Kbn3Qn014:1', '2026:Ml_Kbn3Qn015', '2026:Ml_Kbn3Qn015:1', '2026:Ml_L4N40S0Xq', '2026:Ml_L4N40S0Xq:2131971698', 'Guid:Tag:Reuters.Com', 'Indonesia', 'Stock', 'Technology', 'Unknown Sector', 'Usn:Kbn3Qn014', 'Usn:Kbn3Qn015', 'Usn:L4N40S0Xq', 'Vguid:Tag:Reuters.Com']",2026-04-10T00:40:21.606275Z,"['googl', 'meta', 'rblx']"
94380222,2026-04-09T23:20:41.933000Z,Meta pulls ads aimed at recruiting plaintiffs for social media addiction lawsuits,https://www.reuters.com/sustainability/society-equity/meta-pulls-ads-aimed-recruiting-plaintiffs-social-media-addiction-lawsuits-2026-04-09/,,reuters.com,"['2026:Ml_Kbn3Qm2P3', '2026:Ml_Kbn3Qm2P3:1', '2026:Ml_Kbn3Qm2P3:2', '2026:Ml_Kbn3Qm2P4', '2026:Ml_Kbn3Qm2P4:1', '2026:Ml_Kbn3Qm2P4:2', '2026:Ml_L6N40S1A8', '2026:Ml_L6N40S1A8:806252191', 'Guid:Tag:Reuters.Com', 'Stock', 'Technology', 'Usn:Kbn3Qm2P3', 'Usn:Kbn3Qm2P4', 'Usn:L6N40S1A8', 'Vguid:Tag:Reuters.Com']",2026-04-09T23:26:57.772865Z,"['googl', 'meta', 'snap']"
94380057,2026-04-09T23:01:21.545000Z,"Anthropic weighs building it own AI chips, sources say",https://www.reuters.com/business/anthropic-weighs-building-it-own-ai-chips-sources-say-2026-04-09/,,reuters.com,"['2026:Ml_Kbn3Qm2Ok', '2026:Ml_Kbn3Qm2Ok:1', '2026:Ml_Kbn3Qm2Ok:2', '2026:Ml_Kbn3Qm2Ol', '2026:Ml_Kbn3Qm2Ol:1', '2026:Ml_Kbn3Qm2Ol:2', '2026:Ml_L6N40S1Dv', '2026:Ml_L6N40S1Dv:435029310', 'Consumer Cyclical', 'Guid:Tag:Reuters.Com', 'Stock', 'Technology', 'Usn:Kbn3Qm2Ok', 'Usn:Kbn3Qm2Ol', 'Usn:L6N40S1Dv', 'Vguid:Tag:Reuters.Com']",2026-04-09T23:10:58.527229Z,"['amzn', 'avgo', 'googl', 'meta']"
94379781,2026-04-09T22:36:45.017000Z,Meta transfers top engineers into new AI tooling team,https://www.reuters.com/technology/meta-transfers-top-engineers-into-new-ai-tooling-team-2026-04-09/,,reuters.com,"['2026:Ml_Kbn3Qm2Nb', '2026:Ml_Kbn3Qm2Nb:1', '2026:Ml_Kbn3Qm2Nb:2', '2026:Ml_Kbn3Qm2Nc', '2026:Ml_Kbn3Qm2Nc:1', '2026:Ml_L6N40S1D4', '2026:Ml_L6N40S1D4:881540708', 'Guid:Tag:Reuters.Com', 'Stock', 'Technology', 'Usn:Kbn3Qm2Nb', 'Usn:Kbn3Qm2Nc', 'Usn:L6N40S1D4', 'Vguid:Tag:Reuters.Com']",2026-04-09T22:56:20.444541Z,['meta']
94379383,2026-04-09T22:23:48.312000Z,Oil Opens Higher With Focus on US-Iran Ceasefire: Markets Wrap,https://www.bloomberg.com/news/articles/2026-04-09/stock-market-today-dow-s-p-live-updates,,bloomberg.com,"['Energy', 'Iran', 'Stock', 'Technology', 'Tiingo Top']",2026-04-09T22:33:13.246317Z,"['cvx', 'intc', 'meta', 'orcl', 'xom']"
94372064,2026-04-09T17:45:00.617000Z,Meta e CoreWeave aprofundam parceria em nuvem de IA com novo acordo de US$21 bi,https://www.reuters.com/pt/negocio/6C4O42U7NNNLTH77N4GGRXFUO4-2026-04-09/,,reuters.com,"['2026:Ml_Kbn3Qm25A', '2026:Ml_Kbn3Qm25A:1', '2026:Ml_Kbn3Qm25B', '2026:Ml_Kbn3Qm25B:1', '2026:Ml_L6N40S16O', '2026:Ml_L6N40S16O:1869194689', 'Guid:Tag:Reuters.Com', 'Stock', 'Technology', 'Unknown Sector', 'Usn:Kbn3Qm25A', 'Usn:Kbn3Qm25B', 'Usn:L6N40S16O', 'Vguid:Tag:Reuters.Com']",2026-04-09T17:53:49.661536Z,"['crwv', 'meta', 'msft', 'nvda']"
94372654,2026-04-09T15:32:27.658000Z,"Meta, Amazon, X.AI Pressed by Key Senator on Child Exploitation",https://www.bloomberg.com/news/articles/2026-04-09/meta-amazon-x-ai-pressed-by-key-senator-on-child-exploitation,,bloomberg.com,"['Consumer Cyclical', 'Stock', 'Technology', 'Tiingo Top']",2026-04-09T18:14:28.195640Z,"['amzn', 'meta']"
94364444,2026-04-09T13:51:46.631000Z,Wall Street pnalise par la fragilit de la trve au Moyen-Orient et des indicateurs mitigs,https://www.reuters.com/fr/affaires/wall-street-pnalise-par-la-fragilit-de-la-trve-au-moyen-orient-et-des-2026-04-09/,,reuters.com,"['2026:Ml_Kbn3Qm1Ic', '2026:Ml_Kbn3Qm1Ic-Ofrbs', '2026:Ml_Kbn3Qm1Ic-Ofrbs:1', '2026:Ml_Kbn3Qm1Ic:1', '2026:Ml_Kbn3Qm1Id', '2026:Ml_Kbn3Qm1Id-Ofrbs', '2026:Ml_Kbn3Qm1Id-Ofrbs:1', '2026:Ml_Kbn3Qm1Id:1', '2026:Ml_L8N40S194', '2026:Ml_L8N40S194:1920593963', 'Energy', 'Guid:Tag:Reuters.Com', 'Stock', 'Technology', 'Unknown Sector', 'Usn:Kbn3Qm1Ic', 'Usn:Kbn3Qm1Ic-Ofrbs', 'Usn:Kbn3Qm1Id', 'Usn:Kbn3Qm1Id-Ofrbs', 'Usn:L8N40S194', 'Vguid:Tag:Reuters.Com']",2026-04-09T14:06:30.722946Z,"['apld', 'crwv', 'cvx', 'meta']"
94362432,2026-04-09T12:52:19.725000Z,CoreWeave Tapping Junk Debt Market After Meta AI Computing Deal,https://www.bloomberg.com/news/articles/2026-04-09/coreweave-tapping-junk-debt-market-after-meta-ai-computing-deal,,bloomberg.com,"['Financial Services', 'Stock', 'Technology', 'Tiingo Top', 'Unknown Sector']",2026-04-09T13:04:45.278986Z,"['crwv', 'gs', 'jpm', 'meta', 'ms']"
94361848,2026-04-09T12:46:09.752000Z,Meta e CoreWeave aprofundam parceria em nuvem de IA com novo acordo de US$21 bi,https://www.reuters.com/pt/tecnologia/MTASKYIFPFJH7PJTDG6QOIMSHM-2026-04-09/,,reuters.com,"['2026:Ml_Kbn3Qm1C3', '2026:Ml_Kbn3Qm1C3:1', '2026:Ml_Kbn3Qm1C4', '2026:Ml_Kbn3Qm1C4:1', '2026:Ml_L6N40S0Si', '2026:Ml_L6N40S0Si:1636588900', 'Guid:Tag:Reuters.Com', 'Stock', 'Technology', 'Unknown Sector', 'Usn:Kbn3Qm1C3', 'Usn:Kbn3Qm1C4', 'Usn:L6N40S0Si', 'Vguid:Tag:Reuters.Com']",2026-04-09T12:55:49.520362Z,"['crwv', 'meta']"
94360861,2026-04-09T12:11:33.209000Z,"From OpenAI to Nvidia, firms channel billions into AI infrastructure as demand booms",https://www.reuters.com/business/autos-transportation/companies-pouring-billions-advance-ai-infrastructure-2026-04-09/,,reuters.com,"['2025:Ml_Kcn3L40Rl', '2025:Ml_Kcn3L40Rl:1', '2025:Ml_Kcn3L40Rl:2', '2025:Ml_Kcn3L40Rm', '2025:Ml_Kcn3L40Rm:1', '2025:Ml_Kcn3Lh13J', '2025:Ml_Kcn3Lh13J:1', '2025:Ml_Kcn3Lh13J:10', '2025:Ml_Kcn3Lh13J:11', '2025:Ml_Kcn3Lh13J:12', '2025:Ml_Kcn3Lh13J:13', '2025:Ml_Kcn3Lh13J:2', '2025:Ml_Kcn3Lh13J:3', '2025:Ml_Kcn3Lh13J:4', '2025:Ml_Kcn3Lh13J:5', '2025:Ml_Kcn3Lh13J:6', '2025:Ml_Kcn3Lh13J:7', '2025:Ml_Kcn3Lh13J:8', '2025:Ml_Kcn3Lh13J:9', '2025:Ml_Kcn3Lh13K', '2025:Ml_Kcn3Lh13K:1', '2025:Ml_Kcn3Lh13K:10', '2025:Ml_Kcn3Lh13K:2', '2025:Ml_Kcn3Lh13K:3', '2025:Ml_Kcn3Lh13K:4', '2025:Ml_Kcn3Lh13K:5', '2025:Ml_Kcn3Lh13K:6', '2025:Ml_Kcn3Lh13K:7', '2025:Ml_Kcn3Lh13K:8', '2025:Ml_Kcn3Lh13K:9', '2025:Ml_L3N3V91Ew', '2025:Ml_L3N3Vu0Lo', '2025:Ml_L3N3Vw0Wc', '2025:Ml_L4N3Wf0Yj', '2025:Ml_L4N3Wq1Q1', '2025:Ml_L4N3Wu1Bi', '2025:Ml_L4N3Xn0So', '2025:Ml_L6N3Xw09G', '2025:Ml_L6N3Y0094', '2026:Ml_L4N3Zk105', '2026:Ml_L4N3Zq1Ar', '2026:Ml_L4N40S0Ws', '2026:Ml_L4N40S0Ws:120809981', 'Consumer Cyclical', 'Financial Services', 'Guid:Tag:Reuters.Com', 'Real Estate', 'Stock', 'Technology', 'Unknown Sector', 'Usn:Kcn3L40Rl', 'Usn:Kcn3L40Rm', 'Usn:Kcn3Lh13J', 'Usn:Kcn3Lh13K', 'Usn:L3N3V91Ew', 'Usn:L3N3Vu0Lo', 'Usn:L3N3Vw0Wc', 'Usn:L4N3Wf0Yj', 'Usn:L4N3Wq1Q1', 'Usn:L4N3Wu1Bi', 'Usn:L4N3Xn0So', 'Usn:L4N3Zk105', 'Usn:L4N3Zq1Ar', 'Usn:L4N40S0Ws', 'Usn:L6N3Xw09G', 'Usn:L6N3Y0094', 'Vguid:Tag:Reuters.Com']",2026-04-09T12:30:46.397235Z,"['amd', 'amzn', 'avgo', 'blk', 'cohr', 'corz', 'crwv', 'dbrg', 'dis', 'googl', 'intc', 'lite', 'meta', 'msft', 'nbis', 'nvda', 'orcl', 'tsla']"
94360248,2026-04-09T12:01:38.555000Z,"OpenAI projects $2.5 billion in ad revenue this year, $100 billion by 2030, Axios reports",https://www.reuters.com/business/media-telecom/openai-projects-25-billion-ad-revenue-this-year-100-billion-by-2030-axios-2026-04-09/,,reuters.com,"['2026:Ml_Kbn3Qm16Q', '2026:Ml_Kbn3Qm16Q:1', '2026:Ml_Kbn3Qm16Q:2', '2026:Ml_Kbn3Qm16R', '2026:Ml_Kbn3Qm16R:1', '2026:Ml_Kbn3Qm16R:2', '2026:Ml_L4N40S0O7', '2026:Ml_L4N40S0O7:1298741181', 'Guid:Tag:Reuters.Com', 'Stock', 'Technology', 'Usn:Kbn3Qm16Q', 'Usn:Kbn3Qm16R', 'Usn:L4N40S0O7', 'Vguid:Tag:Reuters.Com']",2026-04-09T12:11:58.317650Z,"['googl', 'meta']"
94359115,2026-04-09T11:19:45.552000Z,Coreweave Expands Meta Deal for AI Computing to $21 Billion,https://www.bloomberg.com/news/articles/2026-04-09/coreweave-expands-meta-deal-for-ai-computing-to-21-billion,,bloomberg.com,"['Stock', 'Technology', 'Tiingo Top', 'Unknown Sector']",2026-04-09T11:29:20.707216Z,"['crwv', 'meta', 'nbis', 'nvda']"
94359554,2026-04-09T11:14:23.050000Z,CoreWeave signs $21 billion AI cloud deal with Meta,https://www.reuters.com/business/coreweave-signs-21-billion-ai-cloud-deal-with-meta-2026-04-09/,,reuters.com,"['2026:Ml_Kbn3Qm11Y', '2026:Ml_Kbn3Qm11Y:1', '2026:Ml_Kbn3Qm11Y:2', '2026:Ml_Kbn3Qm11Y:3', '2026:Ml_Kbn3Qm11Z', '2026:Ml_Kbn3Qm11Z:1', '2026:Ml_Kbn3Qm11Z:2', '2026:Ml_Kbn3Qm11Z:3', '2026:Ml_L4N40S0Th', '2026:Ml_L4N40S0Ts', '2026:Ml_L4N40S0Ts:1683847012', 'Guid:Tag:Reuters.Com', 'Stock', 'Technology', 'Unknown Sector', 'Usn:Kbn3Qm11Y', 'Usn:Kbn3Qm11Z', 'Usn:L4N40S0Th', 'Usn:L4N40S0Ts', 'Vguid:Tag:Reuters.Com']",2026-04-09T11:46:55.634766Z,"['crwv', 'meta']"
94357890,2026-04-09T10:36:37.203000Z,Nvidia Shares Near Level Where Technical Traders See a Breakout,https://www.bloomberg.com/news/articles/2026-04-09/nvidia-shares-near-level-where-technical-traders-see-a-breakout,,bloomberg.com,"['Stock', 'Technology', 'Tiingo Top']",2026-04-09T10:48:24.579038Z,"['meta', 'nvda']"
94353863,2026-04-09T05:51:37.089000Z,"Tata Consultancy Will See Outsized Move on Results, Options Show",https://www.bloomberg.com/news/articles/2026-04-09/tata-consultancy-will-see-outsized-move-on-results-options-show,,bloomberg.com,"['Stock', 'Technology', 'Tiingo Top']",2026-04-09T06:06:44.495171Z,['meta']
94352503,2026-04-09T04:00:17.932000Z,"UAE’s AI Champion Presses On With Expansion, Looking Past Iran War",https://www.bloomberg.com/news/articles/2026-04-09/uae-s-g42-ai-champion-pushes-on-with-data-center-for-openai,,bloomberg.com,"['Consumer Cyclical', 'Healthcare', 'Iran', 'Stock', 'Technology', 'Tiingo Top', 'Unknown Sector']",2026-04-09T04:02:30.078058Z,"['amzn', 'crwv', 'ilmn', 'meta', 'nvda']"
94349577,2026-04-08T23:11:53.455000Z,Pimco Seeks to Sell Parts of $14 Billion Oracle Data Center Debt,https://www.bloomberg.com/news/articles/2026-04-08/pimco-seeks-to-sell-parts-of-14-billion-oracle-data-center-debt,,bloomberg.com,"['Financial Services', 'Stock', 'Technology', 'Tiingo Top', 'Unknown Sector']",2026-04-08T23:20:22.413168Z,"['bac', 'bx', 'meta', 'orcl', 'owl']"
94349277,2026-04-08T22:57:42.060000Z,Global Markets on Edge as Iran Says Ceasefire Violated,https://www.bloomberg.com/news/newsletters/2026-04-08/ceasefire-under-threat-droneshield-santos-lng-australia-briefing,,bloomberg.com,"['Financial Services', 'Iran', 'Stock', 'Technology', 'Tiingo Top', 'Unknown Sector']",2026-04-08T23:00:35.088386Z,"['mco', 'meta', 'owl']"
94348892,2026-04-08T22:17:00.303000Z,US Futures Waver as Iran Says Ceasefire Violated: Markets Wrap,https://www.bloomberg.com/news/articles/2026-04-08/stock-market-today-dow-s-p-live-updates,,bloomberg.com,"['Energy', 'Industrials', 'Iran', 'Stock', 'Technology', 'Tiingo Top']",2026-04-08T22:30:31.151819Z,"['dal', 'meta', 'xom']"
94348285,2026-04-08T21:01:29.151000Z,World’s Richest Notch Second-Biggest One-Day Gain on Iran Tumult,https://www.bloomberg.com/news/articles/2026-04-08/world-s-richest-notch-second-biggest-one-day-gain-on-iran-tumult,,bloomberg.com,"['Iran', 'Stock', 'Technology', 'Tiingo Top']",2026-04-08T21:53:17.616399Z,"['googl', 'meta']"
94347168,2026-04-08T21:00:04.811000Z,Singapore’s New Worker Dorm Tests Government’s Public Health Pledge,https://www.bloomberg.com/news/articles/2026-04-08/singapore-dormitory-tests-pledge-to-improve-migrant-worker-housing-post-covid,,bloomberg.com,"['Financial Services', 'Singapore', 'Stock', 'Technology', 'Tiingo Top']",2026-04-08T21:02:51.486972Z,"['bx', 'meta']"
94345123,2026-04-08T20:00:06.880000Z,India’s Equity ManiaMeetsIts Match in Psychology,https://www.bloomberg.com/opinion/articles/2026-04-08/iran-ceasefire-won-t-help-india-s-waning-equity-mania,,bloomberg.com,"['Consumer Defensive', 'India', 'Stock', 'Technology', 'Tiingo Top']",2026-04-08T20:05:31.933301Z,"['googl', 'meta', 'wmt']"
94344149,2026-04-08T19:10:54.199000Z,Meta revela 1 modelo de IA de equipe de superinteligncia,https://www.reuters.com/pt/tecnologia/WEYTMSRIMVJGBHUCEL4YAZDW24-2026-04-08/,,reuters.com,"['2026:Ml_Kbn3Ql29Z', '2026:Ml_Kbn3Ql29Z:1', '2026:Ml_Kbn3Ql2A0', '2026:Ml_Kbn3Ql2A0:1', '2026:Ml_L6N40R1Dv', '2026:Ml_L6N40R1Dv:1017806345', 'Guid:Tag:Reuters.Com', 'Stock', 'Technology', 'Usn:Kbn3Ql29Z', 'Usn:Kbn3Ql2A0', 'Usn:L6N40R1Dv', 'Vguid:Tag:Reuters.Com']",2026-04-08T19:25:24.931955Z,['meta']
94341916,2026-04-08T17:47:26.641000Z,ICE’s Phone Spyware Plans Face Questions From US Lawmaker,https://www.bloomberg.com/news/newsletters/2026-04-08/ice-s-phone-spyware-plans-face-questions-from-us-lawmaker,,bloomberg.com,"['Consumer Cyclical', 'Stock', 'Technology', 'Tiingo Top']",2026-04-08T17:51:27.851628Z,"['aapl', 'amzn', 'csco', 'meta', 'msft']"
94340161,2026-04-08T16:42:09.535000Z,Meta revela primeiro modelo de IA de sua equipe de superinteligncia,https://www.reuters.com/pt/tecnologia/STNLLTD3VBOKPJ6DROJ3J5F4JI-2026-04-08/,,reuters.com,"['2026:Ml_Kbn3Ql1Zl', '2026:Ml_Kbn3Ql1Zl:1', '2026:Ml_Kbn3Ql1Zm', '2026:Ml_Kbn3Ql1Zm:1', '2026:Ml_L6N40R184', '2026:Ml_L6N40R184:1896741840', 'Guid:Tag:Reuters.Com', 'Stock', 'Technology', 'Usn:Kbn3Ql1Zl', 'Usn:Kbn3Ql1Zm', 'Usn:L6N40R184', 'Vguid:Tag:Reuters.Com']",2026-04-08T17:00:39.675674Z,['meta']
94339913,2026-04-08T16:33:18.277000Z,Meta presenta el primer modelo de IA de su equipo de superinteligencia,https://www.reuters.com/es/negocio/MUGVEOKNBBKJTE2DHFFTWF7EGM-2026-04-08/,,reuters.com,"['2026:Ml_Kbn3Ql1Yg', '2026:Ml_Kbn3Ql1Yg:1', '2026:Ml_Kbn3Ql1Yh', '2026:Ml_Kbn3Ql1Yh:1', '2026:Ml_L6N40R17G', '2026:Ml_L6N40R17G:93387376', 'Guid:Tag:Reuters.Com', 'Stock', 'Technology', 'Usn:Kbn3Ql1Yg', 'Usn:Kbn3Ql1Yh', 'Usn:L6N40R17G', 'Vguid:Tag:Reuters.Com']",2026-04-08T16:53:46.959310Z,['meta']
